GROUP_NAME,PRACTICE_ADDR_1,PRACTICE_ADDR_2,PRACTICE_CITY,PRACTICE_STATE,PRACTICE_ZIP,Latitude,Longitude
"Picciotti, Isabella M MD",1 Allegheny Square,,Pittsburgh,PA,15212,40.451948,-80.004895
UPMC Emergency Medicine Inc,1 Childrens Hospital Drive,4401 Penn Avenue,Pittsburgh,PA,15224,40.467315,-79.95359
Hoover Medical Associates PC,100 Delafield Rd,Suite 312,Pittsburgh,PA,15215,40.490244,-79.895719
Partners in Nephrology and Endocrinology,100 Delafield Road,100 MAB Suite 212,Pittsburgh,PA,15215,40.506845,-79.908076
Bahl and Bahl Med Assoc,"100 Delafield Road, Ste 103",,Pittsburgh,PA,15215,40.490244,-79.895719
"Zioncheck, Roger MD PC",100 Eighth Ave,,McKeesport,PA,15132,40.347704,-79.866961
Premier Medical Associates CRNP,100 Forest Hills Plaza,,Pittsburgh,PA,15221,40.435067,-79.861938
Heritage Valley Convenient Care Retail,100 Hazel Lane,,Sewickley,PA,15143,40.542415,-80.192742
"Zioncheck, Roger MD PC",100 Ninth Ave,,McKeesport,PA,15132,40.347396,-79.867398
University of Pittsburgh Physicians,100 North Bellfield,,Pittsburgh,PA,15213,40.447147,-79.951826
Health Associates of Western PA PC,100 South Jackson,5th Floor,Pittsburgh,PA,15202,40.494569,-80.060335
North Hills Internal Medicine,100 South Jackson Avenue,3rd Floor,Pittsburgh,PA,15202,40.494569,-80.060335
"Yeasted, George A MD",1000 Bower Hill Road,,Pittsburgh,PA,15243,40.378099,-80.06661
Montour Fam Healthcare,1000 Cliff Mine Road,Suite 110,Pittsburgh,PA,15275,40.457664,-80.194634
JRMC Specialty Practice Wound Care,1000 Higbee Drive,Suite 101,Bethel Park,PA,15102,40.337675,-80.021363
CCP Gil,1000 Infinity Drive,First Floor,Monroeville,PA,15146,40.42118,-79.788102
Premier Medical  Associates Family  Practice,1000 Integrity Drive,Suite 100,Pittsburgh,PA,15235,40.458341,-79.824722
Chris T ODonnell MD PC,1000 Masonic Drive,,Sewickley,PA,15143,40.528404,-80.143566
Circulatory Center of PA Inc,1000 Stonewood Drive,Suite 210,Wexford,PA,15090,40.642484,-80.065567
Addiction and Recovery Health Services,1000 West View Park Drive,Suite 1,Pittsburgh,PA,15229,40.516008,-80.037483
Weigles Hill Family Medicine,1001 Weigles Hill Road,,Elizabeth,PA,15037,40.256259,-79.853304
Mercy Behavioral Health,1004 Arch Street,,Pittsburgh,PA,15212,40.453936,-80.00869
Colonnades Family Medicine,101 Bradford Road,Suite 220,Wexford,PA,15090,40.642988,-80.069097
Mercy Behavioral Health,101 Station Square Drive,,Pittsburgh,PA,15219,40.432446,-80.004039
University of Pittsburgh Physicians,1011 Bingham Street,,Pittsburgh,PA,15203,40.429746,-79.988099
Preferred Primary Care Physicians,102 Broadway Avenue,,Carnegie,PA,15106,40.409413,-80.087205
"Choi, Sean H MD",102 Seventh St.,,Glassport,PA,15045,40.324109,-79.893127
GMA Heyl Family Practice,1020 Center Avenue,,Pittsburgh,PA,15229,40.520578,-80.037986
Comprehensive Care Associates UPMC,1024 West View Park Drive,,West View,PA,15229,40.516372,-80.038801
Fatigati and Nalin Associates,1025 Washington Pike,,Bridgeville,PA,15017,40.367163,-80.110119
Community Family Practice UPMC,1026 Duquesne Boulevard,,Duquesne,PA,15110,40.384619,-79.860333
Bentz Grob Scheri and Woodburn Family Medicine,103 Bradford Road,Suite 220,Wexford,PA,15090,40.643602,-80.06943
RFP RIDC UPMC,103 Gamma Drive,Suite 120,Pittsburgh,PA,15238,40.494749,-79.872986
Horodnic Family Medicine LLC,103 North Meadows Drive,Suite 220,Wexford,PA,15090,40.611747,-80.055717
Teladoc Physicians PA,1030 Summer Place,,Pittsburgh,PA,15243,40.37376,-80.060807
Preferred Primary Care Physicians,1039 Brookline Boulevard,,Pittsburgh,PA,15226,40.39201,-80.016117
Health First Medical Assoc UPMC,1048 Lincoln Way,,McKeesport,PA,15132,40.354184,-79.825067
"Clements, Harry Michael, MD",1049 Brookline Blvd,,Pittsburgh,PA,15226,40.391982,-80.015966
Prime Care Int Medc Assoc PC,1049 Unity Center Rd,,Pittsburgh,PA,15239,40.476919,-79.754192
Caring Hands Pediatrics PC,105 Braunlich Drive,Suite 450,Pittsburgh,PA,15237,40.521766,-80.003444
CCP Allegheny,105 Gamma Drive,Suite 300,Pittsburgh,PA,15238,40.49479,-79.871982
West Penn Medical Associates,105 Hill Avenue,,Cheswick,PA,15024,40.541322,-79.802771
Keystone Anesthesia Consultants LTD,1050 Bower Hill,,Pittsburgh,PA,15243,40.37791,-80.068046
UPP Department of Surgery,1050 Bower Hill Road,Suite 1,Pittsburgh,PA,15243,40.37791,-80.068046
MedExpress Urgent Care PC Pennsylvania,10632 Perry Highway,,Wexford,PA,15090,40.613439,-80.053004
Mamatas Ragoor Primary Care Associates,10700 Frankstown Road,Suite 101,Pittsburgh,PA,15235,40.460751,-79.840492
UPP General Internal Medicine,108 Penn Plaza,,Turtle Creek,PA,15145,40.405694,-79.832373
Bahl and Bahl Med Assoc,10922 Frankstown Road,,Pittsburgh,PA,15235,40.464416,-79.839122
Jules Kann and Malcolm Harris MD,1099 North Avenue,,Millvale,PA,15209,40.491842,-79.974099
Chris T ODonnell MD PC,1099 Ohio River Boulevard,,Sewickley,PA,15143,40.532848,-80.175563
Gateway Medical Group UPMC,1100 Washington Avenue,Suite 115,Carnegie,PA,15106,40.398057,-80.084391
HVMG Fifth Avenue Medical Associates,1101 Fifth Avenue,,Coraopolis,PA,15108,40.517045,-80.162384
"Ke, Katherine C MD PC",1106 Ohio River Boulevard,Suite 604A,Sewickley,PA,15143,40.531159,-80.174347
RFP Millvale UPMC,111 Sheridan Street,,Pittsburgh,PA,15209,40.479001,-79.971013
University Ped Assoc Primary Care,112 Penn Avenue,,Turtle Creek,PA,15145,40.405237,-79.826419
University of Pittsburgh Physicians,112 Washington Place,,Pittsburgh,PA,15222,40.439355,-79.992153
Minute Clinic Diagnostic of PA LLC,11240 Perry Highway,,Wexford,PA,15090,40.62134,-80.053811
"Gorelik, Mark MD",11279 Perry Highway,,Wexford,PA,15090,40.622213,-80.054661
Wexford Medical Practice,1130 Perry Highway,,Pittsburgh,PA,15237,40.547834,-80.035657
Absolute Primary Care UPMC,11360 Perry Highway Maple Row,,Wexford,PA,15090,40.617727,-80.059407
Elizabeth Ann Ruberg PC,1136L Thorn Run Road,,Moon Township,PA,15108,40.505906,-80.209509
Bentz Grob Scheri and Woodburn Family Medicine,1140 Perry Highway,,Pittsburgh,PA,15237,40.549307,-80.036086
Preferred Primary Care Physicians,1145 Bower Hill Road,Suite 204,Pittsburgh,PA,15243,40.374612,-80.070102
Khan Medical Assoc LLC,116 Daugherty Drive,,Monroeville,PA,15146,40.435243,-79.754432
"Gowda, Anu MD",11618 Frankstown Rd,,Pittsburgh,PA,15235,40.465009,-79.827755
"Garrick Drago, Monica G MD",11676 Perry Highway,Suite 1204,Wexford,PA,15090,40.627185,-80.054699
Preferred Primary Care Physicians,1168 Washington Pike,,Bridgeville,PA,15017,40.36904,-80.101294
Primary Care Health Services Group Practice,117 North Negley Avenue,,Pittsburgh,PA,15206,40.463712,-79.930565
Univ Rheumatology Svc,117 VIP Drive,Suite 120,Wexford,PA,15090,40.619101,-80.094145
UPMC Keystone Primary Care Dr Shetty,118 Fox Road,,Monroeville,PA,15146,40.434943,-79.760546
Sewickley Valley Pediatric and Adolescent Medicine PC,119 VIP Drive,Suite 102,Wexford,PA,15090,40.619921,-80.094324
HVMG The Heart and Vascular Center Leetsdale,12 Quaker Valley Shopping Center,Suite 2A Ohio River Boulevard,Leetsdale,PA,15056,40.567165,-80.212116
"Kairis, Edwin J, MD",120 5th AVenue,,Pittsburgh,PA,15222,40.441888,-80.003443
"Owens, Michael R MD",120 Fifth Avenue,,Pittsburgh,PA,15222,40.441888,-80.003443
"Majewski, Philip, M, MD",120 Fifth Avenue Place,Suite P4105,Pittsburgh,PA,15222,40.441888,-80.003443
Concentra Urgent Care,120 Lytton Avenue,,Pittsburgh,PA,15213,40.446371,-79.954946
University Cardiology Service,120 Lytton Avenue M060,Suite 302,Pittsburgh,PA,15213,40.446371,-79.954946
Prime Medical Group PCG1-Chauhan Assocs,1200 Brooks Lane,Suite 110,Clairton,PA,15025,40.315209,-79.937566
Mercy Behavioral Health,1200 Reedsdale Street,,Pittsburgh,PA,15233,40.448454,-80.019976
"Linder, Paul G MD",1201 Broughton Road,1st floor,Pittsburgh,PA,15236,40.330347,-79.988739
"Purpura, Lawrence J MD",1206 Brookline Boulevard,,Pittsburgh,PA,15226,40.391958,-80.012798
Hanzlik Wang DeFrances Associates UPMC,121 Freeport Rd,Suite 100,Blawnox,PA,15238,40.491582,-79.866871
Daljit Singh MD Associates,121 Freeport Road,Second Floor,Pittsburgh,PA,15238,40.671676,-79.689041
Geriatric Care Center,1215 Hulton Road,,Oakmont,PA,15139,40.526908,-79.829081
CCP Monroeville Pediatric Assocs,1220 Lincoln Highway,,White Oak,PA,15131,40.351573,-79.822201
McGinnis Thoracic and Cardiovascular Associates,12311 Perry Highway,,Wexford,PA,15090,40.635686,-80.063552
UPP Department of Surgery,125 Daugherty Drive,,Monroeville,PA,15146,40.436132,-79.755593
"Pfoff, Robert, M, MD",125 Warren Road,,Warrendale,PA,15086,40.658365,-80.073978
HVMG Billing,1254 Route 30,,Clinton,PA,15026,40.630862,-79.826371
Teladoc Physicians PA,126 Elmhurst Drive,,Moon Township,PA,15108,40.530186,-80.265878
Jules Kann and Malcolm Harris MD,128 North Craig Street,Suite 216,Pittsburgh,PA,15213,40.447971,-79.948795
Univ Ear Nose Throat Specialists,1300 Oxford Drive,,Bethel Park,PA,15102,40.343066,-80.048443
Emergency Medicine Physicians of Alle Kiski,1301 Carlisle Street,,Natrona Heights,PA,15065,40.618767,-79.736921
Renal and Hypertension Consultants,1303 Lincoln Way,Suite B,White Oak,PA,15131,40.351337,-79.820778
Allegheny Orthopaedic Associates,1307 Federal Street,2nd Floor,Pittsburgh,PA,15212,40.457189,-80.007726
Ohio Valley Professional Services,1308 Fifth Avenue,,Coraopolis,PA,15108,40.515387,-80.159378
Primary Care Group 7 JRMC Internal Medicine,1310 Hoffman Boulevard,,West Mifflin,PA,15122,40.383319,-79.869013
General Medical Practitioners PC,1312 Federal Street,,Pittsburgh,PA,15212,40.457088,-80.006828
Health First Medical Assoc UPMC,1318 Fifth Avenue,,McKeesport,PA,15132,40.351926,-79.85137
University Gastroenterology,1320 Fifth Avenue,Suite A,McKeesport,PA,15132,40.352034,-79.851342
Allegheny Orthopaedic Associates,133 Church Hill Road,,Mc Kees Rocks,PA,15136,40.442562,-80.148859
Allegheny Center For Digestive Health,133 Churchill Road,Suite 2A,Mc Kees Rocks,PA,15136,40.472038,-80.062892
"Nelson, Bruce N MD",135 Cumberland Road,Suite 202,Pittsburgh,PA,15237,40.572418,-80.035775
Pittsburgh Medical Associates,1350 Locust Street,Suite 103,Pittsburgh,PA,15219,40.436674,-79.986263
SMA DeerLakes PC,1360 Old Freeport Road,Suite 1B,Pittsburgh,PA,15238,40.488238,-79.874424
Pediatric Alliance Chartiers McMurray Div,1370 Washington Pike,Suite 107,Bridgeville,PA,15017,40.378832,-80.095322
PPCP McMurray Brookline,140 Curry Hollow Road,,Pittsburgh,PA,15236,40.339121,-79.968609
University Neonatology Associates,1400 Locust Street,,Pittsburgh,PA,15219,40.436137,-79.985285
Rehabilitation Medicine,1405 Shady Avenue,,Pittsburgh,PA,15217,40.443209,-79.919456
Ladani Medical Associates LLC,142 South Twentieth Street,,Pittsburgh,PA,15203,40.426506,-79.978034
"Seth, Prabhat MD",1430 Lincoln Way,,White Oak,PA,15131,40.349717,-79.819523
Family Medicine Assoc Ltd,1432 Lincoln Way,Suite 101,White Oak,PA,15131,40.349533,-79.819291
Alliance Cardiology UPMC,1433 Fawcett Avenue,,White Oak,PA,15131,40.34917,-79.819564
"Tenenouser, Barry MD",146 North Bellefield Avenue,,Pittsburgh,PA,15213,40.447838,-79.952131
Mercy Behavioral Health,149 Monastery Avenue,St Paul Manor,Pittsburgh,PA,15203,40.429303,-79.972424
Concentra Urgent Care,15 Freeport Road,Suite 100,Pittsburgh,PA,15215,40.492684,-79.909096
UPMC McKeesport Internal Medicine Ctr,1500 5th Avenue,,McKeesport,PA,15132,40.351343,-79.849457
UPP General Internal Medicine,1500 Fifth Avenue,,McKeesport,PA,15132,40.351343,-79.849457
"Carmen, Thomas F MD",1500 Village Run Road,Suite 308,Wexford,PA,15090,40.633555,-80.057795
University Cardiology Service,1501 Locust Street,Suite 1070,Pittsburgh,PA,15219,40.436846,-79.985205
Sto Rox Neighborhood Hlth Council Inc PCP,151 Ruth Street,,Pittsburgh,PA,15211,40.423008,-80.004718
University Ped Assoc Primary Care,1515 Locust Street,3rd Floor,Pittsburgh,PA,15219,40.437097,-79.984539
Pittsburgh Family Practice Assoc LLC,1517 Forbes Avenue,,Pittsburgh,PA,15219,40.437774,-79.984411
MedExpress Urgent Care PC Pennsylvania,1535 Washington Road,,Pittsburgh,PA,15228,40.356429,-80.049771
"Edwards, Robert G MD PC",1539 Lincoln Avenue,,Pittsburgh,PA,15206,40.469657,-79.894978
University of Pittsburgh Physicians,155 North Craig Street,Suite 120,Pittsburgh,PA,15213,40.449079,-79.950642
Pediatric Alliance St Clair Div,1580 McLaughlin Run Road,Suite 208,Pittsburgh,PA,15241,40.34659,-80.083198
Teredesai McCann Associates PC,1597 Washington Pike,Suite A 22,Bridgeville,PA,15017,40.382618,-80.095126
"Haretos, John T., MD",160 North Craig Street,,Pittsburgh,PA,15213,40.449541,-79.950146
CCP Moon and Wexford,1600 Coraopolis Heights Road,,Moon Township,PA,15108,40.499854,-80.20746
CCP Allegheny,1600 Pacific Avenue,,Natrona Heights,PA,15065,40.619481,-79.726066
Concentra Urgent Care,1600 West Carson Street,,Pittsburgh,PA,15219,40.442085,-80.021313
Health Center Ophthalmology Inc,1603 Carmody Court,Suite 104,Sewickley,PA,15143,40.612136,-80.097913
Oncology Hematology Association,1604 Burtner Road,,Natrona Heights,PA,15065,40.631047,-79.727281
Health Center Ophthalmology Inc,1605 Lincoln Way,,White Oak,PA,15131,40.348001,-79.816737
University Gastroenterology,1606 Carmody Court,Suite 202,Sewickley,PA,15143,40.613085,-80.097033
"Serbin, Scott R MD",1614 Country Club Drive,,Pittsburgh,PA,15237,40.5643,-80.080947
Mohan M Patel MD,1616 Pacific Avenue,,Natrona Heights,PA,15065,40.623656,-79.724259
Premier Medical  Associates Family  Practice,1620 Golden Mile Highway,Suite 100,Monroeville,PA,15146,40.435247,-79.713422
Alle Kiski Medical Associates,1621 C Union Avenue,,Natrona Heights,PA,15065,40.621447,-79.726132
GMA Heck and Assoc Medical Practice,1622 Lowrie Street,,Pittsburgh,PA,15212,40.463371,-79.983151
McGinnis Thoracic and Cardiovascular Associates,1624 Pacific Avenue,Suite B,Natrona Heights,PA,15065,40.623628,-79.724227
John E Love Family Practice,1626 Potomac Avenue,,Pittsburgh,PA,15216,40.398053,-80.036467
"Kumar, Rakesh, MD",1629 Union Avenue,Suite 2,Natrona Heights,PA,15065,40.621771,-79.725822
University Cardiology Service,1668 Lincoln Way,,White Oak,PA,15131,40.345562,-79.816332
Medi Help,1691 Washington Road,,Mt Lebanon,PA,15228,40.351409,-80.050204
Individualized Advanced Medical Center of Pittsburgh,17 Brilliant Avenue,Suite 202A,Pittsburgh,PA,15215,40.489416,-79.90132
Community Family Practice UPMC,1713 Ardmore Boulevard,,Pittsburgh,PA,15221,40.426973,-79.862359
Allegheny Valley Internal Medicine,1719 Union Avenue,Suite A,Natrona Heights,PA,15065,40.622488,-79.724309
Mercy Behavioral Health,1722 Brownsville Road,,Pittsburgh,PA,15210,40.397601,-79.988585
Handelsman Family Practice LLC,1723 Ardmore Boulevard,,Pittsburgh,PA,15221,40.42605,-79.861607
Jalit Tuchinda MD PC,1726 East Carson Street,,Pittsburgh,PA,15203,40.428593,-79.981118
RFP Morningside UPMC,1748 Jancey Street,,Pittsburgh,PA,15206,40.485599,-79.926402
Freedom Healthcare Services LLC,1780 Taper Drive,,Pittsburgh,PA,15241,40.35317,-80.080707
"Ryoo, In O MD",1789 Pine Hollow Road,,Mc Kees Rocks,PA,15136,40.4774,-80.102719
UPMC Keystone Primary Care Drs Ou and Tong,1789 South Braddock Avenue,Suite 380,Swissvale,PA,15218,40.424346,-79.887357
Circulatory Center of PA Inc,180 Fort Couch Road,Suite 201,Pittsburgh,PA,15241,40.346228,-80.053662
"Chen, Anne, MD",180 Imperial Plaza Drive,Suite 200,Imperial,PA,15126,40.441948,-80.235178
Oncology Hematology Association,1800 Pine Hollow Road,Suite 1A,Mc Kees Rocks,PA,15136,40.477709,-80.102656
Petz and Associates UPMC,1800 Union Avenue,Suite B,Natrona Heights,PA,15065,40.623481,-79.722994
South Hills Family Medicine LLC,1800 West Street,,Homestead,PA,15120,40.399882,-79.905737
Lincoln Way Internal Medicine,1801 Lincoln Way,,Mc Keesport,PA,15131,40.347275,-79.816717
"Waligura, R Curtis DO",1801 West Street,,Homestead,PA,15120,40.400076,-79.904818
"Udekwu, Catherine MD",1811 Boulevard of the Allies,Varma Building Suite 200,Pittsburgh,PA,15219,40.440368,-79.983611
Primary Care Health Services Group Practice,1835 Centre Avenue,,Pittsburgh,PA,15219,40.443111,-79.98187
UPMC Emergency Medicine Inc,1870 Broadview Boulevard,,Natrona Heights,PA,15065,40.623963,-79.722566
Raja Chakrapani MD Rc Med Assoc,1872 Homeville Road,,West Mifflin,PA,15122,40.373678,-79.873734
Sterling Pediatrics LLC,1900 Murray Ave,Ste 206,Pittsburgh,PA,15217,40.435811,-79.923142
Addiction and Recovery Health Services,1900 Murray Avenue,Suite 301,Pittsburgh,PA,15217,40.435811,-79.923142
Hematology Oncology Association,1907 Lebanon Church Road,Suite 200,West Mifflin,PA,15122,40.348525,-79.950318
Preferred Primary Care Physicians,1910 Cochran Road,Suite 490,Pittsburgh,PA,15220,40.393296,-80.065665
Premier Med Assoc Int Medicine,1916 Lincoln Highway,,North Versailles,PA,15137,40.366816,-79.7787
CCP South Hills Ped Assoc,1925 Route 51 South,,Large,PA,15025,40.291552,-79.912612
Greater Pittsburgh Med Assoc UPMC,193 43rd Street,,Pittsburgh,PA,15201,40.470851,-79.960462
Mercy Behavioral Health,1945 Fifth Avenue,,Pittsburgh,PA,15219,40.438427,-79.977878
White Oak Medical Center LLC,1949 Lincoln Way,,Mc Keesport,PA,15131,40.347275,-79.816717
"Ditoppa, Louis A DO",1978 Lincoln Way,,White Oak,PA,15131,40.338697,-79.81021
MedExpress Urgent Care PC Pennsylvania,1984 Greentree Road,,Pittsburgh,PA,15220,40.394572,-80.067031
UPMC Emergency Medicine Inc,2 Hot Metal Street,2nd Floor,Pittsburgh,PA,15203,40.426063,-79.964328
"Danaie, Nosratollah MD",20 Bailey Avenue,,Mt Washington,PA,15211,40.426756,-80.004793
"Cipriani, Alphonse J MD",20 Cedar Boulevard,Suite 410,Pittsburgh,PA,15228,40.381767,-80.045298
Providence Point,200 Adams Avenue,,Pittsburgh,PA,15243,40.376902,-80.086217
University Geriatric Medicine Service,200 Delafield Road,Suite  3060,Pittsburgh,PA,15215,40.489901,-79.894796
Pittsburgh Cardiovascular Institute,200 James Place,2nd Floor,Monroeville,PA,15146,40.427106,-79.754704
University Critical Care,200 Lothrop Sreet,Suite  F 1200,Pittsburgh,PA,15213,40.442561,-79.960983
University Gastroenterology,200 Lothrop Street,,Pittsburgh,PA,15213,40.442561,-79.960983
Univ Endocrinology Svc,200 Medical Arts Building,Suite 2060,Aspinwall,PA,15215,40.49027,-79.895713
Khan Medical Assoc LLC,200 Penn Avenue,,Pittsburgh,PA,15221,40.446025,-79.89268
Allegheny Medical PC,2000 Cliff Mine Road,Park West 2 Suite 110,Pittsburgh,PA,15275,40.456951,-80.191975
Macisaac Family Medicine LLC,2000 Corporate Drive,Suite 100,Wexford,PA,15090,40.609559,-80.088934
University Anesthesiology,2000 Mary Street,,Pittsburgh,PA,15203,40.425591,-79.977756
Preferred Primary Care Physicians,2000 Oxford Drive,Suite 100,Bethel Park,PA,15102,40.344057,-80.052552
Imaging Assoc Greater Pittsburgh,2001 Lincoln Way,,White Oak,PA,15131,40.337364,-79.805396
Community Care Plus,2011 Kinvara Drive,,Pittsburgh,PA,15237,40.535676,-80.009807
Seetha Chandra MD UPMC,2020 Ardmore Boulevard,Suite 300,Pittsburgh,PA,15221,40.421251,-79.853621
Raja Chakrapani MD Rc Med Assoc,2020 Monongahela,,Pittsburgh,PA,15218,40.419858,-79.889456
Allegheny Center For Digestive Health,2027 Lebanon Church Road,,West Mifflin,PA,15122,40.348529,-79.949507
Health Center Ophthalmology Inc,203 Lothrop Street,EEINS 7th Floor,Pittsburgh,PA,15213,40.437926,-79.955642
"D Eramo, Linda DO",203 Nottingham Drive,,Coraopolis,PA,15108,40.494016,-80.172297
Partners in Nephrology and Endocrinology,2030 Ardmore Boulevard,Suite 125,Pittsburgh,PA,15221,40.420675,-79.852455
"Ryoo, In O MD",205 Commerce Drive,,Coraopolis,PA,15108,40.459113,-80.196255
CCP Moon and Wexford,205 Millers Run Road,,Bridgeville,PA,15017,40.358018,-80.122857
Jose B Caballe MD UPMC,207 West 7th Avenue,,West Homestead,PA,15120,40.405507,-79.914409
Alliance Cardiology UPMC,21 Yost Boulevard,Suite 216,Pittsburgh,PA,15221,40.413984,-79.847126
Adler and Krause Card Med Assoc,21 Yost at Ardmore Boulevard,Suite 217,Pittsburgh,PA,15221,40.413984,-79.847126
McCollum Corporation,2100 Jane Street,,Pittsburgh,PA,15203,40.42648,-79.976796
"Chengappa, Palecanda P MD",2100 Jane Street South,Suite 110,Pittsburgh,PA,15203,40.42648,-79.976796
"Ahmed, Adiba S MD",2101 Greentree Road,Suite A103,Pittsburgh,PA,15220,40.390563,-80.072422
"Hodges, Allen R, MD",211 North Whitfield Street,,Pittsburgh,PA,15206,40.463133,-79.925317
"Iannuzzi, C C MD PC",2115 Noble Street,Swissvale Avenue,Pittsburgh,PA,15218,40.431319,-79.88688
Premier Medical  Associates Family  Practice,2140 Ardmore Boulevard,Suite 100,Pittsburgh,PA,15221,40.418277,-79.84942
Daniel Steiner MD UPMC,215 Allegheny Avenue,Suite 200,Oakmont,PA,15139,40.514488,-79.844005
Prime Care Int Medc Assoc PC,220 East Eighth Avenue,,Homestead,PA,15120,40.407209,-79.909937
Emmanuel Family Practice Associates,2204 06 Murray Avenue,,Pittsburgh,PA,15217,40.432195,-79.923321
"Fletcher, Douglas D MD",221 Penn Avenue,Suite 1700,Pittsburgh,PA,15221,40.446188,-79.892247
SMA DeerLakes PC,221 Russelton Dorseyville Road,,Cheswick,PA,15024,40.60392,-79.86095
SMA DeerLakes PC,222 Allegheny River Boulevard,,Oakmont,PA,15139,40.514735,-79.843097
"Brandy, Dominic A MD",2275 Swallow Hill Rd,Building 2400,Pittsburgh,PA,15220,40.389166,-80.072547
Scott Medical Health Center MD Group,2275 Swallow Hill Road,Building 2600,Pittsburgh,PA,15220,40.389166,-80.072547
University Emergency Physicians Inc,230 McKee Place,Suite 400,Pittsburgh,PA,15213,40.439029,-79.959155
Rehabilitation Medicine,2300 Jane Street,,Pittsburgh,PA,15203,40.425724,-79.972597
UPMC Emergency Medicine Inc,2300 McKee Place,Suite 400,Pittsburgh,PA,15213,40.440361,-79.960201
Rehabilitation Medicine,2310 Jane Street,,Pittsburgh,PA,15203,40.42646,-79.972555
UPMC McKeesport Latterman Fam Hlth Ctr,2347 5th Avenue,,McKeesport,PA,15132,40.354556,-79.837219
Vitas Solutions Inc,235 Alpha Drive,Suite 101,Pittsburgh,PA,15238,40.491877,-79.872062
Preferred Primary Care Physicians,2375 Greentree Road,,Carnegie,PA,15106,40.389714,-80.080622
UPMC Family Medicine South,2397 Mountain View Drive,,West Mifflin,PA,15122,40.344616,-79.945876
Pediatrics South Inc,240 Mount Lebanon Boulevard,,Pittsburgh,PA,15234,40.367907,-80.037588
Arnold Family Practice,2400 Ardmore Boulevard,Suite 301,Pittsburgh,PA,15221,40.415079,-79.847561
Franklin Park Family Practice UPMC,2400 Corporate Drive,Suite 100,Wexford,PA,15090,40.610267,-80.087627
"Zelonis, Thomas, G., DO",2403 S Park Rd,,Bethel Park,PA,15102,40.329654,-80.022528
"Zelonis,  Lawrence J, DO",2403 South Park Road,,Bethel Park,PA,15102,40.329654,-80.022528
Ladani Medical Associates LLC,2409 Brownsville Road,,Mount Oliver,PA,15210,40.387164,-79.982739
Prime Care Medical Associates UPMC,241-251 Freeport Road,Suite 3,Pittsburgh,PA,15215,40.489803,-79.903786
Family Practice Medical Associates South,2414 Lytle Road,Suite 300,Bethel Park,PA,15102,40.334084,-80.025248
Mercy Behavioral Health,249 South 9th Street,,Pittsburgh,PA,15203,40.430322,-79.989072
Pittsburgh Cardiovascular Institute,2490 Mosside Boulevard,,Monroeville,PA,15146,40.424318,-79.754117
UPMC Emergency Medicine Inc,25 Heckel Road,,Mc Kees Rocks,PA,15136,40.472755,-80.090742
Ohio Valley Professional Services,25 Heckle Road,,Mc Kees Rocks,PA,15136,40.472755,-80.090742
Dobkin and Riccelli Associates,250 Mount Lebanon Boulevard,Suite 306,Pittsburgh,PA,15234,40.36799,-80.036804
Behm Family Practice UPMC,2500 Brooktree Road,Suite 200,Wexford,PA,15090,40.615332,-80.057881
Banksville Medical P C,2508 Banksville Avenue,,Pittsburgh,PA,15216,40.407089,-80.034973
Teladoc Physicians PA,252 Arden Road,,Pittsburgh,PA,15216,40.391118,-80.049063
Penn Pediatrics LLC,2550 Mosside Blvd,Suite 111,Monroeville,PA,15146,40.427018,-79.752606
Allegheny Center For Digestive Health,2550 Mosside Boulevard,5th Floor,Monroeville,PA,15146,40.427018,-79.752606
East Suburban Ped Assoc LTD,2566 Haymaker Road,Suite 106,Monroeville,PA,15146,40.42797,-79.748282
Emergency Medicine Physicians of Allegheny,2570 Haymaker Road,,Monroeville,PA,15146,40.428975,-79.748091
Hematology Oncology Association,2571 Mosside Boulevard,Suite 3,Monroeville,PA,15146,40.428315,-79.752766
Allegheny Orthopaedic Associates,2580 Haymaker Road,Suite 104,Monroeville,PA,15146,40.427892,-79.748081
Russellton Medical Group UPMC,2585 Freeport Road,Suite 201,Pittsburgh,PA,15238,40.536499,-79.843125
"Moretti, James M MD",2589 Washington Road,Suite 423,Pittsburgh,PA,15241,40.314155,-80.089085
Univ Endocrinology Svc,259 Mount Nebo Pointe Drive,,Pittsburgh,PA,15237,40.534891,-80.068198
UPMC Squirrel Hill,259 Mt Nebo Pointe Drive,Unit E 18,Pittsburgh,PA,15237,40.534891,-80.068198
Heritage Valley Associates in Family Medicine,2591 Wexford-Bayne Road,206,Sewickley,PA,15143,40.612924,-80.102696
"Kross, Timothy MD",2593 Wexford Bayne Road,Suite 208,Sewickley,PA,15143,40.613324,-80.102034
Univ Ear Nose Throat Specialists,2599 Wexford Bayne Road,,Sewickley,PA,15143,40.614271,-80.100843
MedExpress Urgent Care PC Pennsylvania,2600 Old Washington Road,Suite 150,Upper Saint Clair,PA,15241,40.312611,-80.089602
"Barnett, Alan J, MD",2627 Murray Avenue,,Pittsburgh,PA,15217,40.429072,-79.923857
Scott Medical Health Center MD Group,2630 Brandt School Road,,Wexford,PA,15090,40.615584,-80.092988
MedExpress Urgent Care PC Pennsylvania,2644 Mosside Boulevard,Suite 110,Monroeville,PA,15146,40.431835,-79.750547
Partners in Nephrology and Endocrinology,2690 Monroeville Boulevard,,Monroeville,PA,15146,40.435479,-79.780701
Ladani Medical Associates LLC,27 Heckel Road,Suite 101,Mc Kees Rocks,PA,15136,40.472389,-80.091189
"Waligura, R Curtis DO",2709 ONeil Boulevard,,McKeesport,PA,15132,40.353269,-79.825433
"Chen, Anne, MD",2715 Brownsville Road,,Pittsburgh,PA,15227,40.38405,-79.977365
UPP General Internal Medicine,2775 Mosside Boulevard,,Monroeville,PA,15146,40.436561,-79.760197
CCP Monroeville,2790 Mosside Boulevard,Suite 700,Monroeville,PA,15146,40.437541,-79.75748
Minute Clinic Diagnostic of PA LLC,2860 Wildwood Road Extension,,Allison Park,PA,15101,40.58983,-79.946824
Pittsburgh Medical Associates PC,2891 Banksville Road,,Pittsburgh,PA,15216,40.40323,-80.040077
Shabbir Lakdawala MD PC,2912 Glenmore Avenue,,Pittsburgh,PA,15216,40.39565,-80.03522
Lindenbaum Perryman and Assocs UPMC,2920 West Liberty Avenue,,Pittsburgh,PA,15216,40.394808,-80.03498
Circulatory Center of PA Inc,3 PPG Place,Suite 550,Pittsburgh,PA,15222,40.4401,-80.002703
"Iyer, Vish MD PC",30 High Street,,Pittsburgh,PA,15223,40.497758,-79.945666
Mt Lebanon Internal Medicine Division,300 Cedar Blvd,,Pittsburgh,PA,15228,40.380283,-80.052889
Caring Hands Pediatrics PC,300 Cedar Ridge Drive,Suite 309,Pittsburgh,PA,15205,40.447419,-80.107761
Circulatory Center of PA Inc,300 Chapel Harbor Drive,Suite 102,Pittsburgh,PA,15238,40.485566,-79.882392
PPCP Fleet Street,300 Fleet St,Ste 100,Pittsburgh,PA,15220,40.421105,-80.0483
Bell Froman Orsini and Assoc,300 Fleet Street,Suite 100,Pittsburgh,PA,15220,40.421105,-80.0483
University Gastroenterology,300 Halket Street,,Pittsburgh,PA,15213,40.436889,-79.9607
HVMG West Allegheny Healthcare Svcs,300 Penn Lincoln Drive,,Imperial,PA,15126,40.442187,-80.236293
Primary Care Health Services Group Practice,300 Rankin Boulevard,,Rankin,PA,15104,40.41199,-79.881091
Elizabeth Township Family Medicine UPMC,300 Scenery Drive,,Elizabeth,PA,15037,40.279434,-79.837007
"Gursky, Andrew E MD",300 Weyman Plaza,Suite 460,Pittsburgh,PA,15236,40.36044,-79.999838
"Adams, Rocco J., MD",3000 Brownsville Rd,,Pittsburgh,PA,15227,40.381078,-79.976429
Lindenbaum Perryman and Assocs UPMC,3000 Brownsville Road,,Brentwood,PA,15227,40.381078,-79.976429
UPP Department of Surgery,3000 Stonewood Drive,Suite 200,Wexford,PA,15090,40.642253,-80.064689
"Kupfer, Samuel MD",3001 Jacks Run Road,Suite 203,White Oak,PA,15131,40.344759,-79.798548
Bonacorsi Brown and Johnson Primary Care,3005 Banksville Road,,Pittsburgh,PA,15216,40.401691,-80.041819
Allegheny Center For Digestive Health,301 First Avenue,,Tarentum,PA,15084,40.600195,-79.752558
Heritage Valley Pediatrics Inc,301 Ohio River Boulevard,Suite 200,Sewickley,PA,15143,40.545894,-80.194586
Health Center Ophthalmology Inc,3021 Jacks Run Road,,White Oak,PA,15131,40.34489,-79.797421
MedExpress Urgent Care PC Pennsylvania,3024 Washington Pike,,Bridgeville,PA,15017,40.353281,-80.115383
MedExpress Urgent Care PC Pennsylvania,303 East Tenth Avenue,,Tarentum,PA,15084,40.605459,-79.756208
Partners in Nephrology and Endocrinology,3063 Freeport Road,,Natrona Heights,PA,15065,40.644151,-79.710483
Pittsburgh Internal Med Assoc UPMC,3089 Sussex Avenue,,Pittsburgh,PA,15226,40.383771,-80.014178
Smithfield Medical,309 Smithfield Street,Suite 200,Pittsburgh,PA,15222,40.438508,-79.999956
University Geriatric Medicine Service,310 Fisk Street,,Pittsburgh,PA,15201,40.465817,-79.958025
University Emergency Physicians Inc,311 South Craig Street,Suite 300,Pittsburgh,PA,15213,40.445452,-79.948526
Mercy Behavioral Health,315 South 9th Street,,Pittsburgh,PA,15203,40.430416,-79.989063
Freedom Healthcare Services LLC,316 Station Street,Suite 100,Bridgeville,PA,15017,40.358595,-80.113676
Hilltop Community Healthcare Center PCP,317 Climax Street,,Pittsburgh,PA,15210,40.420111,-80.001958
Alle Kiski Medical Associates,317 First Avenue,,Tarentum,PA,15084,40.600488,-79.751856
McGinnis Thoracic and Cardiovascular Associates,320 East North Avenue,,Pittsburgh,PA,15212,40.45701,-80.003724
Allegheny Hospital Medicine Specialists,320 East North Street,2nd Floor,Pittsburgh,PA,15212,40.45701,-80.003724
AGH Internal Medicine,320 Guys Run Road,,Pittsburgh,PA,15238,40.536213,-79.849228
University of Pittsburgh Physicians,3200 South Water Street,,Pittsburgh,PA,15203,40.424676,-79.959603
University Cardiology Service,3212 Main Street,,Munhall,PA,15120,40.387507,-79.902632
Health Associates of Western Pennsylvania PC,324 Rodi Road,,Pittsburgh,PA,15235,40.460033,-79.823973
"Rudolph, Joseph P MD",330 Curry Hollow Rd,,Pittsburgh,PA,15236,40.337521,-79.976872
Avenue to Wellness LLC,330 East Eighth Avenue,,Homestead,PA,15120,40.408316,-79.907921
Mercy Behavioral Health,330 South 9th Street,,Pittsburgh,PA,15203,40.430273,-79.9904
The Primary Care Place,333 Allegheny Avenue,Suite 1E,Oakmont,PA,15139,40.515893,-79.843837
"Choi, Sean H MD",333 Lincoln Hwy,,East Mc Keesport,PA,15035,40.38066,-79.810557
University of Pittsburgh Physicians,333 North Braddock Avenue,,Pittsburgh,PA,15208,40.449748,-79.893734
UPP Department of Surgery,3380 Boulevard of the Allies,Suite 158,Pittsburgh,PA,15213,40.435254,-79.958319
Univ Rheumatology Svc,339 6th Avenue,4th Floor,Pittsburgh,PA,15222,40.441941,-80.001793
Margolis Rheumatology UPMC,339 Sixth Ave,4th Floor,Pittsburgh,PA,15222,40.442001,-79.998223
UPMC Downtown,339 Sixth Avenue,5th Floor,Pittsburgh,PA,15222,40.442001,-79.998223
Pediatric Alliance Fox Chapel Division,3394 Saxonburg Boulevard,Suite 600,Glenshaw,PA,15116,40.548897,-79.914056
Hussaini Medical Associates,340 Lincoln Avenue,,Bellevue,PA,15202,40.493897,-80.051611
Preferred Primary Care Physicians,3400 South Park Road,,Bethel Park,PA,15102,40.321783,-80.057607
Univ Nephrology Service,3420 Fifth Avenue,,Pittsburgh,PA,15213,40.439501,-79.961089
Health Center Associates UPMC,3424 William Penn Highway,Ste 215 Penn Ctr Bldg 2,Pittsburgh,PA,15235,40.443074,-79.232696
MedExpress Urgent Care PC Pennsylvania,3433 William Penn Highway,,Pittsburgh,PA,15235,40.429344,-79.812791
Suburban East Medical Center UPMC,3436 William Penn Highway,Bldg 2  Suite 166,Pittsburgh,PA,15235,40.429028,-79.812828
UPP General Internal Medicine,3459 5th Avenue,,Pittsburgh,PA,15213,40.440867,-79.96177
Univ Oncology Service,3459 Fifth Avenue,,Pittsburgh,PA,15210,40.440867,-79.96177
University of Pittsburgh Physicians,3459 Fifth Avenue North,Suite 756 MUH,Pittsburgh,PA,15213,40.437926,-79.955642
University of Pittsburgh Physicians,3471 5th Avenue,Suite 1010,Pittsburgh,PA,15213,40.440496,-79.960664
UPMC Shadyside Family Health Centers Inc,3471 Fifth Avenue,,Pittsburgh,PA,15213,40.440496,-79.960664
Arthritis & Internal Medicine Associates UPMC,3500 Fifth Avenue,4th Floor,Pittsburgh,PA,15213,40.440371,-79.959841
University of Pittsburgh Physicians,3501 Forbes Avenue,,Pittsburgh,PA,15213,40.440144,-79.959488
Univ Nephrology Service,3504 Fifth Avenue,Suite 200,Pittsburgh,PA,15213,40.440477,-79.959723
Univ Endocrinology Svc,3512 Fifth Avenue,,Pittsburgh,PA,15213,40.44071,-79.9594
MedExpress Urgent Care PC Pennsylvania,3516 Saw Mill Run Boulevard,,Pittsburgh,PA,15227,40.372678,-79.982319
University of Pittsburgh Physicians,3520 Fifth Avenue,,Pittsburgh,PA,15213,40.440916,-79.959103
Univ Infectious Disease Svc,3549 Fifth Avenue 19th South,,Pittsburgh,PA,15213,40.437926,-79.955642
Addiction and Recovery Health Services,355 5th Avenue,Suite 1120,Pittsburgh,PA,15222,40.440398,-79.998778
UPP Department of Surgery,3550 Terrace Avenue,Suite A1222,Pittsburgh,PA,15261,40.442513,-79.961826
UPP Department of Surgery,3550 Terrace Street,,Pittsburgh,PA,15261,40.442513,-79.961826
UPP Department of Surgery,3550 Terrance Street,Suite 6 B,Pittsburgh,PA,15261,40.442513,-79.961826
UPP Department of Surgery,3600 Forbes Avenue,9th  Floor,Pittsburgh,PA,15213,40.440557,-79.958052
UPP General Internal Medicine,3601 5th Avenue,,Pittsburgh,PA,15213,40.441544,-79.959356
UPP Department of Surgery,3601 Fifith Avenue,Suite 6B,Pittsburgh,PA,15213,40.441544,-79.959356
Univ Endocrinology Svc,3601 Fifth Avenue,,Pittsburgh,PA,15213,40.441544,-79.959356
UPP Department of Surgery,3601 Fifth Avenue  6th Floor,Suite 6B,Pittsburgh,PA,15213,40.441544,-79.959356
UPP Department of Surgery,3601 Fifth Avenue 4th Floor,,Pittsburgh,PA,15213,40.441544,-79.959356
GMA Singh Medical Associates,3601 McKnight East Drive,,Pittsburgh,PA,15237,40.537532,-80.00636
Comprehensive Care Associates UPMC,362 Lincoln Avenue,,Bellevue,PA,15202,40.494029,-80.052422
Bower Hill Pediatrics,363 Vanadium Road,Suite 104,Pittsburgh,PA,15243,40.36961,-80.084856
Univ Oncology Service,3636 Boulevard of The Allies,,Pittsburgh,PA,15213,40.434228,-79.953461
UPP Ped Adolescent Medcn,3705 Fifth Ave,Room G451,Pittsburgh,PA,15213,40.441612,-79.958928
University of Pittsburgh Physicians,3705 Fifth Avenue,,Pittsburgh,PA,15213,40.441612,-79.958928
University of Pittsburgh Physicians,3708 Fifth Avenue,Suite 401,Pittsburgh,PA,15213,40.441691,-79.957888
Brentwood Medical Group Inc,3720 Brownsville Road,,Pittsburgh,PA,15227,40.372172,-79.97564
University of Pittsburgh Physicians,373 Burrows Street,,Pittsburgh,PA,15213,40.44206,-79.970401
Pittsburgh Internal Med Assoc UPMC,3754 Libarary Road,Suite 100,Pittsburgh,PA,15234,40.364907,-80.021978
University of Pittsburgh Physicians,3811 OHara Street,,Pittsburgh,PA,15213,40.443772,-79.960002
Premier Med Assoc Int Medicine,3824 Northern Pike,Suite 200,Monroeville,PA,15146,40.437512,-79.780996
Minute Clinic Diagnostic of PA LLC,3893 William Pen Highway,,Glenshaw,PA,15116,40.532508,-79.968039
SMA Jerome Scherer DO,391 Washington Avenue,,Oakmont,PA,15139,40.516364,-79.841002
Fort Pitt Senior Health Care Associates,393 Vanadium Road,,Pittsburgh,PA,15243,40.369047,-80.084473
University Critical Care,3937 Butler Street,,Pittsburgh,PA,15201,40.468901,-79.963457
"Mickiewicz Marcinkowska, Ewa MD",4 Allegheny Center,,Pittsburgh,PA,15212,40.453053,-80.004149
University of Pittsburgh Physicians,400 Holland Avenue,,Braddock,PA,15104,40.405049,-79.870219
University Cardiology Service,400 Oxford Drive,,Monroeville,PA,15146,40.430525,-79.7876
"Price, Tamara L MD",400 Rouser Road,Suite 102 Bldg 2,Moon Township,PA,15108,40.516977,-80.221348
Lindenbaum Perryman and Assocs UPMC,404 Bigham Street,,Pittsburgh,PA,15211,40.431772,-80.015561
Primary Care Health Services Group Practice,404 N Braddock Avenue,,Braddock,PA,15104,40.404703,-79.871414
Univ Ear Nose Throat Specialists,4055 Monroeville Boulevard,,Monroeville,PA,15146,40.436359,-79.768611
Lamperski Internal Medicine  LLC,4068 Mount Royal Boulevard,Suite 101,Allison Park,PA,15101,40.565194,-79.963852
Kids Plus Pediatrics PC,4070 Beechwood Boulevard,,Pittsburgh,PA,15217,40.427302,-79.93828
CCP Monroeville Pediatric Assocs,4075 Monroeville Blvd,Suite 125,Monroeville,PA,15146,40.436255,-79.767946
University of Pittsburgh Physicians,4075 Monroeville Boulevard,Suite 106,Monroeville,PA,15146,40.436255,-79.767946
UPMC Keystone Primary Care Dr Paul,4099 William Penn Highway,Suite 705,Monroeville,PA,15146,40.439031,-79.769865
Circulatory Center of PA Inc,410 Rouser Road,,Coraopolis,PA,15108,40.518401,-80.166725
University of Pittsburgh Physicians,4117 Liberty Avenue,,Pittsburgh,PA,15224,40.46368,-79.953771
University of Pittsburgh Physicians,4117 Penn Avenue,,Pittsburgh,PA,15224,40.465912,-79.954695
Mercy Behavioral Health,412 East Commons,,Pittsburgh,PA,15212,40.45124,-80.002317
UPMC Urgent Care at Monroeville,4145 William Penn Highway,,Monroeville,PA,15146,40.439416,-79.765929
"Sivakumar, Usha MD LLC",415 East 4th Avenue,Suite 3,Tarentum,PA,15084,40.602777,-79.751532
Primary Care Health Services Group Practice,415 Neptune Street,,Pittsburgh,PA,15220,40.440483,-80.032969
Craig B Liden Associates,4156 Kenneth Drive,,Gibsonia,PA,15044,40.624383,-79.943583
Medical Center Clinic,4185 Friendship Avenue,Suite 340,Pittsburgh,PA,15224,40.46587,-79.952163
Forest Hills Medical Associates UPMC,419 Westinghouse Avenue,,Wilmerding,PA,15148,40.390042,-79.810108
Pittsburgh Internal Med Assoc UPMC,4190 Brownsville Road,,Pittsburgh,PA,15227,40.365525,-79.983247
Daljit Singh MD Associates,420 North Avenue,,Pittsburgh,PA,15209,40.482606,-79.972885
Mamatas Ragoor Primary Care Associates,4217 Northern Pike,,Monroeville,PA,15146,40.434246,-79.758942
Jefferson Internal Medicine PC,422 McMurray Road,,Bethel Park,PA,15102,40.312623,-80.066512
Mubashar Shouib Chughtai MD UPMC,424 West Grant Avenue,,Duquesne,PA,15110,40.372616,-79.850141
Comprehensive Care Associates UPMC,4284 William Flynn Highway Route 8,Castle Town Square South,Allison Park,PA,15101,40.559483,-79.959213
"Castiglione, Angelo MD",4318 Northern Pike,Suite 200,Monroeville,PA,15146,40.433635,-79.751267
Premier Medical  Associates Family  Practice,4341 Northern Pike,,Monroeville,PA,15146,40.434821,-79.749405
"BEREZ, FRANNE MD",4354 Murray Avenue,,Pittsburgh,PA,15217,40.42035,-79.928696
"Knupp, Donna L MD PC",4381 Murray Avenue,,Pittsburgh,PA,15217,40.41978,-79.927931
Concentra Urgent Care,4390 Campbells Run Road,,Pittsburgh,PA,15205,40.426212,-80.119053
Univ Ear Nose Throat Specialists,4401 Penn Avenue,,Pittsburgh,PA,15224,40.467315,-79.95359
Steel City South Pediatrics,4411 Stilley Road,3rd Floor,Pittsburgh,PA,15227,40.376066,-79.969628
CCP Bellevue Associates,446 Lincoln Avenue,,Pittsburgh,PA,15202,40.49508,-80.054078
Teladoc Physicians PA,448 Woodland Road,,Sewickley,PA,15143,40.557339,-80.19477
"Rudman, Richard MD",4487 Broadway,,Monroeville,PA,15146,40.393702,-79.766375
UPP Department of Surgery,450 Holland Avenue,Suite 111,Braddock,PA,15104,40.405278,-79.869523
Squirrel Hill Health Center,4516 Browns Hill Road,,Pittsburgh,PA,15217,40.416861,-79.925444
Daljit Singh MD Associates,4520 Penn Avenue,2nd Floor,Pittsburgh,PA,15224,40.467202,-79.944453
S W Leehan MD PC,455 East Bruceton Road,Suite Four,Pittsburgh,PA,15236,40.338077,-79.978961
Univ Ped Assoc Pediatric Neurology,45th Street and Penn Avenue,2nd Floor,Pittsburgh,PA,15201,40.473711,-79.961237
University of Pittsburgh Physicians,4601 Baum Boulevard,Suite 200,Pittsburgh,PA,15213,40.454302,-79.95308
University of Pittsburgh Physicians,4608 Penn Avenue,,Pittsburgh,PA,15224,40.465623,-79.949219
"McVay, William J MD",4627 5th Avenue,,Pittsburgh,PA,15213,40.447436,-79.947828
MedExpress Urgent Care PC Pennsylvania,4655 William Flynn Highway,Suite 110,Allison Park,PA,15101,40.592049,-79.949299
University Cardiology Service,4721 McKnight Road,Suite 208,Pittsburgh,PA,15237,40.517805,-80.005705
UPP Department of Surgery,4725 McKnight Road,Suite 107,Pittsburgh,PA,15237,40.518453,-80.005589
West Penn Medical Associates,4727 Friendship Avenue,Suite 200,Pittsburgh,PA,15224,40.463232,-79.948128
SMG Santucci UPMC,4747 Liberty Avenue,,Pittsburgh,PA,15224,40.461512,-79.948409
Office Based Anesthesia Solutions Inc,4762 Liberty Avenue,,Pittsburgh,PA,15224,40.461011,-79.947864
Greater Pittsburgh Med Assoc UPMC,4773 Route 8,,Allison Park,PA,15101,40.596284,-79.947693
Palliative Medicine Associates,4800 Friendship Avenue,,Pittsburgh,PA,15221,40.461453,-79.946364
UPP Department of Surgery,4815 Liberty Avenue,Suite 140,Pittsburgh,PA,15224,40.461276,-79.946367
Primary Care Northside,490 East North Avenue,Suite 200 203,Pittsburgh,PA,15212,40.482805,-80.036726
ICare Medical,4905 William Penn Hwy,,Monroeville,PA,15146,40.43084,-79.710368
Primary Care Health Services Group Practice,4918 Second Avenue,,Pittsburgh,PA,15207,40.409453,-79.944118
CCP Pittsburgh Ped Assoc,4923 Centre Avenue,,Pittsburgh,PA,15213,40.454157,-79.94556
SMA Jerome Scherer DO,4927 Route 8,,Allison Park,PA,15101,40.603814,-79.94722
University Cardiology Service,495 East Waterfront Drive,Suite 200,Homestead,PA,15120,40.413075,-79.907963
"Rudolph, Joseph P MD",4955 Steubenville Pike,Suite 120,Pittsburgh,PA,15205,40.449063,-80.109051
"Vernino, Richard J, DO",5 Grandview Avenue,,Pittsburgh,PA,15211,40.431195,-80.006367
MedExpress Urgent Care PC Pennsylvania,50 Freeport Road,Suite 500,Pittsburgh,PA,15215,40.491468,-79.908081
Fort Pitt Senior Health Care Associates,50 Vanadium Road,,Bridgeville,PA,15017,40.371834,-80.091342
Allegheny Orthopaedic Associates,500 Blazier Drive,,Wexford,PA,15090,40.587367,-80.029893
Univ Rheumatology Svc,500 Hospital Way,,McKeesport,PA,15132,40.350086,-79.849288
HVMG Billing,500 Industrial Boulevard,,Allison Park,PA,15101,40.559483,-79.959213
Medical and Endocrinology Associates PC,500 Lewis Run Road,,Pittsburgh,PA,15122,40.366826,-79.949233
Univ Rheumatology Svc,500 Naysmith Road,,North Versailles,PA,15137,40.367725,-79.817298
Ohio Valley Professional Services,500 Pine Hollow Road,,Mc Kees Rocks,PA,15136,40.473857,-80.096769
Providence Point,500 Providence Point Boulevard,,Pittsburgh,PA,15243,40.377073,-80.087758
Raja Chakrapani MD Rc Med Assoc,501 Penn Avenue,Suite 2,Turtle Creek,PA,15145,40.405902,-79.825048
UPP Department of Surgery,5115 Centre Avenue,,Pittsburgh,PA,15213,40.45529,-79.942383
UPP Department of Surgery,5115 Centre Avenue 2nd Floor,,Pittsburgh,PA,15213,40.437926,-79.955642
Oncology Hematology Association,5115 Centre Avenue 3rd Floor,,Pittsburgh,PA,15232,40.451096,-79.933261
UPP Department of Surgery,5117 Centre Avenue,Suite 146,Pittsburgh,PA,15232,40.454856,-79.942137
Family Medicine Rutovic PC,5119 Clairton Boulevard,,Pittsburgh,PA,15236,40.345831,-79.972906
"Roberts, Linda P MD",512 Edgewood Road,,Pittsburgh,PA,15221,40.426977,-79.870436
McCollum Corporation,514 Beltzhoover Ave,,Pittsburgh,PA,15210,40.417795,-79.997537
University Cardiology Service,5140 Liberty Avenue,,Pittsburgh,PA,15224,40.457803,-79.942411
UPP Department of Surgery,5150 Centre Avenue,,Pittsburgh,PA,15213,40.4545,-79.94161
Partners in Nephrology and Endocrinology,5171 Liberty Avenue,,Pittsburgh,PA,15224,40.45806,-79.941567
Rabinowitz and Ciesielka MDs,5173 Liberty Avenue,,Pittsburgh,PA,15224,40.457722,-79.941201
Fatigati and Nalin Associates,5187 Library Road,,Bethel Park,PA,15102,40.334293,-80.02305
Medi Help,519 Brookline Boulevard,,Pittsburgh,PA,15226,40.396103,-80.022732
Univ Ear Nose Throat Specialists,5200 Center Avenue,Suite 211,Pittsburgh,PA,15232,40.447683,-80.068427
University Anesthesiology,5200 Centre Avenue,,Pittsburgh,PA,15232,40.454933,-79.940334
MedExpress Urgent Care PC Pennsylvania,5201 Baum Boulevard,,Pittsburgh,PA,15224,40.456186,-79.941914
Bernacki Family Practice and Wellness Center,521 Greenfield Avenue,,Pittsburgh,PA,15207,40.425887,-79.941565
UPMC Shadyside Family Health Centers Inc,5215 Centre Avenue,,Pittsburgh,PA,15232,40.455487,-79.941113
University General Internal Medc,5230 Centre Avenue,,Pittsburgh,PA,15213,40.454842,-79.939791
University Emergency Physicians Inc,5231 Centre Avenue,,Pittsburgh,PA,15232,40.455742,-79.940379
University of Pittsburgh Physicians,5231 Champion Commons,,Pittsburgh,PA,15224,40.467202,-79.944453
"Frey III, Norman J DO",524 Beltzhoover Avenue,,Pittsburgh,PA,15210,40.417575,-79.997531
"Pittle, Howard S MD PC",5247 Brownsville Road,,Pittsburgh,PA,15236,40.342263,-79.985203
"Wagner, James D MD",525 Locust Place,,Sewickley,PA,15143,40.541613,-80.180044
North Side Christian Health Center,525 Mount Pleasant Road,,Pittsburgh,PA,15214,40.478014,-79.999949
Polinski Medical Associates,526 Perry Highway,,Pittsburgh,PA,15229,40.522303,-80.034398
South Hills Physical Medicine Inc,5301 Grove Road,Suite M 109,Pittsburgh,PA,15236,40.338077,-79.978961
University Cardiology Service,5318 Ranalli Drive,,Gibsonia,PA,15044,40.615819,-79.945299
Pinnacle Internal Medicine Associates LLC,532 South Aiken Avenue,Suite 201,Pittsburgh,PA,15232,40.454535,-79.938363
St Margaret Family Health Center,5321 Penn Ave,,Pittsburgh,PA,15224,40.464918,-79.937814
CCP Healthquest Pediatrics,5321 William Flynn Highway,,Gibsonia,PA,15044,40.616471,-79.947037
University Geriatric Medicine Service,5360 Saltsburg Road,,Verona,PA,15147,40.479959,-79.836171
Allegheny Center For Digestive Health,5375 William Flynn Highway,,Gibsonia,PA,15044,40.619568,-79.946359
"Santiesteban, Joseph MD",5426 Mifflin Road,,Pittsburgh,PA,15207,40.368883,-79.910603
"Dicroce, Joseph N MD",5438 Centre Avenue,,Pittsburgh,PA,15232,40.456262,-79.936721
St Margaret Family Health Center,5475 Penn Avenue,,Pittsburgh,PA,15206,40.464614,-79.933295
Fatigati and Nalin Associates,5482 Campbells Run Road,,Pittsburgh,PA,15205,40.445948,-80.158035
Vohra Health Services PA,550 South Negley Avenue,,Pittsburgh,PA,15232,40.455217,-79.933213
RFP Glenshaw UPMC,5548 William Flynn Highway,,Gibsonia,PA,15044,40.631692,-79.940126
UPMC Squirrel Hill,5608 Wilkins Avenue,1st Floor Suite 100,Pittsburgh,PA,15217,40.432709,-79.924867
JRMC Specialty Services Palliative Care,565 Coal Valley Road,,Jefferson Hills,PA,15025,40.31844,-79.933488
Pediatrics South Inc,5676 Steubenville Pike,Suites C and D,Mc Kees Rocks,PA,15136,40.465624,-80.065611
Steel City Internal Medicine UPMC,5700 Corporate Drive,Building III Suite 410,Pittsburgh,PA,15237,40.556912,-80.019956
University Geriatric Medicine Service,5701 Philips Avenue,,Pittsburgh,PA,15217,40.432709,-79.924867
Minute Clinic Diagnostic of PA LLC,5703 Steubenville Pike,,Mc Kees Rocks,PA,15136,40.451417,-80.134176
Mercy Behavioral Health,5704 Penn Avenue,,Pittsburgh,PA,15206,40.462266,-79.928837
Jefferson Cardiology Association,575 Coal Valley Road,464,Jefferson Hills,PA,15025,40.322888,-79.925019
"Cholapranee, Rewat MD",575 Lincoln Avenue,,Pittsburgh,PA,15202,40.496632,-80.058208
University Geriatric Medicine Service,5750 Centre Avenue,,Pittsburgh,PA,15206,40.457485,-79.932486
Oncology Hematology Association,5769 Saltsburg Road,,Verona,PA,15147,40.482859,-79.82787
University of Pittsburgh Physicians,580 South Aiken Avenue,,Pittsburgh,PA,15232,40.453371,-79.937781
UPMC Keystone Primary Care Dr Klein,580 South Aiken Street,Suite 320,Pittsburgh,PA,15232,40.453371,-79.937781
"Pandit, Santosh M MD",5800 Meridian Road,,Gibsonia,PA,15044,40.647697,-79.957066
East Side Pediatrics PC,5808 Eva Street,,Pittsburgh,PA,15206,40.461269,-79.928386
St Barnabas Med Ctr Fam Prac,5830 Meridian Road,,Gibsonia,PA,15044,40.651779,-79.959201
Lindenbaum Perryman and Assocs UPMC,5855 Steubenville Pike,,Mc Kees Rocks,PA,15136,40.44996,-80.139458
UPMC Shadyside Family Health Centers Inc,5889 Forbes Avenue,,Pittsburgh,PA,15217,40.438267,-79.919646
Allegheny Orthopaedic Associates,59 Fort Couch Road,,Pittsburgh,PA,15241,40.337404,-80.051853
Jalit Tuchinda MD PC,596 Pine Hollow Road,,Mc Kees Rocks,PA,15136,40.470279,-80.07725
UPP Department of Surgery,600 Hospital Way,Suite 218,McKeesport,PA,15132,40.350101,-79.849391
University of Pittsburgh Physicians,600 Oxford Drive,,Monroeville,PA,15146,40.429731,-79.788088
Hutton Healthcare Services LLC,600 Washington Avenue,Suite 100,Bridgeville,PA,15017,40.35751,-80.113089
CCP Pittsburgh Ped Assoc,6000 Brooktree Road,Suite 207,Wexford,PA,15090,40.614661,-80.061767
"Chen, Anne, MD",6000 Steubenville Pike,,Mc Kees Rocks,PA,15136,40.44554,-80.1447
Fatigati and Nalin Associates,601 McMillen Street,,Bridgeville,PA,15017,40.356181,-80.110056
Community Care Plus,601 Monroe Avenue,,Pittsburgh,PA,15202,40.494816,-80.058004
"Schaefer, Thomas L MD",6011 Baptist Road,Suite 200,Pittsburgh,PA,15236,40.344276,-80.014777
East Liberty Family Health Care Center,6023 Harvard Street,,Pittsburgh,PA,15206,40.462945,-79.923073
CCP Mt Lebanon,603 Washington Road,Suite 300,Pittsburgh,PA,15228,40.383052,-80.043599
James T Campagna MD PC,605 Scenery Drive,,Elizabeth,PA,15037,40.272426,-79.838106
CCP Bellevue Associates,6080 William Flynn Highway,,Gibsonia,PA,15044,40.662911,-79.933221
BN Roy MD and Assoc PC,609 Washington Pike,,Bridgeville,PA,15017,40.357002,-80.112971
Minute Clinic Diagnostic of PA LLC,611 Duncan Avenue,,Pittsburgh,PA,15237,40.567853,-80.023271
Fatigati and Nalin Associates,615 Washington Road,Suite TL4,Pittsburgh,PA,15228,40.372771,-80.047904
RFP Glenshaw UPMC,619 Mount Royal Boulevard,,Pittsburgh,PA,15223,40.512895,-79.958396
Primary Care Health Services Group Practice,627 Lysle Boulevard,,McKeesport,PA,15132,40.352477,-79.858547
Plenary Family Practice UPMC,6301 Forbes Avenue,Suite 100,Pittsburgh,PA,15217,40.438411,-79.919142
Childrens Institute of Pittsburgh Spec Phys,6301 Northumberland Street,,Pittsburgh,PA,15217,40.44201,-79.91883
Carnegie Pediatrics,6315 Forbes Avenue,Suite 118,Pittsburgh,PA,15217,40.438334,-79.918449
CCP Gil,6343 Penn Avenue,Suite 201,Pittsburgh,PA,15206,40.459202,-79.919257
Connected Health Medical Services LLC,6400 Brooktree Court,Suite 100,Wexford,PA,15090,40.613545,-80.06228
UPMC Emergency Medicine Inc,6502 Steubenville Pike,,Pittsburgh,PA,15205,40.449272,-80.159748
Allegheny Center For Digestive Health,651 Holiday Drive,,Pittsburgh,PA,15220,40.422169,-80.060752
HVMG Family Practice Robinson,6521 Stubenville Pike,,Pittsburgh,PA,15205,40.44177,-80.087015
Pittsburgh North Cardiovascular Assoc,660 Lincoln Avenue,Suite 101,Bellevue,PA,15202,40.497983,-80.059788
Lindenbaum Perryman and Assocs UPMC,6600 Steubenville Pike,3 Robinson Plaza,Pittsburgh,PA,15205,40.449602,-80.163912
V E Reyes MD and Associates,67 Old Clairton Road,,Pittsburgh,PA,15236,40.338758,-79.963648
University of Pittsburgh Physicians,6714 Kelly Street,,Pittsburgh,PA,15208,40.457744,-79.907929
"Offerman, Joop, MD",6740 Reynolds Street,,Pittsburgh,PA,15206,40.45024,-79.914426
MedExpress Urgent Care PC Pennsylvania,695 Clairton Boulevard,,Pleasant Hills,PA,15236,40.328865,-79.944542
Sewickley Valley Pediatric and Adolescent Medicine PC,701 Broad Street,Suite 422,Sewickley,PA,15143,40.542164,-80.177104
Sto Rox Neighborhood Hlth Council Inc PCP,710 Thompson Avenue,,Mc Kees Rocks,PA,15136,40.465006,-80.06288
Community Primary Care,7110 Church Road,,Pittsburgh,PA,15202,40.419746,-79.895141
UPP Ped Adolescent Medcn,7150 Highland Drive,,Pittsburgh,PA,15206,40.478367,-79.899641
DeGiovanni Montini Associates,717 Washington Road,,Pittsburgh,PA,15228,40.379659,-80.044701
East Liberty Family Health Care Center,7171 Churchland Street,,Pittsburgh,PA,15206,40.470112,-79.89441
Penn Plum Family Medicine UPMC,7175 Saltsburg Road,,Pittsburgh,PA,15235,40.476339,-79.789493
Pittsburgh HD VAMC,7180 Highland Drive,,Pittsburgh,PA,15206,40.481609,-79.902839
"Chen, Anne, MD",7197 Saltsburg Road,,Pittsburgh,PA,15235,40.477231,-79.78883
HVMG The Heart and Vascular Center Leetsdale,720 Blackburn Road,,Sewickley,PA,15143,40.543454,-80.177601
MedExpress Urgent Care PC Pennsylvania,7219 McKnight Road,Suite F,Pittsburgh,PA,15237,40.537972,-80.013336
Primary Care Health Services Group Practice,7227 Hamilton Avenue,,Pittsburgh,PA,15208,40.454588,-79.896213
"Loya, Lauren D MD",730 Holiday Drive,Suite 140,Pittsburgh,PA,15220,40.421988,-80.063758
Univ Endocrinology Svc,733 Washington Road,Suite 204,Pittsburgh,PA,15228,40.379093,-80.044883
Office Based Anesthesia Solutions Inc,748 North Negley Avenue,,Pittsburgh,PA,15206,40.471245,-79.926001
Greater Pittsburgh Med Assoc UPMC,7555 Saltsburg Road,,Pittsburgh,PA,15235,40.476525,-79.781392
"Nelson, Lawrence J MD",777 Clairton Blvd,,Pittsburgh,PA,15236,40.325158,-79.943952
KND Development 59 LLC,7777 Steubenville Pike,,Oakdale,PA,15071,40.438642,-80.2087
Ramesh Pandey MD,803 Miller Avenue,,Clairton,PA,15025,40.287321,-79.88432
Office Based Anesthesia Solutions Inc,805 Jefferson Avenue,,Natrona Heights,PA,15065,40.632145,-79.712411
Primary Care Health Services Group Practice,807 Wallace Avenue,Hosanna House-Suite #203,Wilkinsburg,PA,15221,40.441736,-79.881994
"Ho, Yee C MD",810 Wood Street,Suite 1,Pittsburgh,PA,15221,40.442408,-79.88518
AGH Internal Medicine,811 Camp Horne Road,,Pittsburgh,PA,15237,40.523431,-80.073755
Comprehensive Care Associates UPMC,811 West View Park Drive,,West View,PA,15229,40.516783,-80.033056
Carnegie Pediatrics,813 Washington Avenue,,Carnegie,PA,15106,40.402209,-80.082833
Univ Ear Nose Throat Specialists,815 Freeport Road,,Pittsburgh,PA,15215,40.489286,-79.895994
GMA Koman and Kimmell Family Practice,8150 Perry Highway,Suite 101,Pittsburgh,PA,15237,40.555355,-80.038837
North Side Christian Health Center,816 Middle Street,,Pittsburgh,PA,15212,40.455234,-79.999412
Advanced Nephrology Associates PC,824 California Avenue,,Pittsburgh,PA,15202,40.499617,-80.065179
Alle Kiski Medical Associates,831 Pittsburgh Street,,Springdale,PA,15144,40.541465,-79.778819
Kids Plus Pediatrics PC,850 Clairton Boulevard,Suite 1200,Pittsburgh,PA,15236,40.322326,-79.944112
MedExpress Urgent Care PC Pennsylvania,8702 University Boulevard,,Moon Township,PA,15108,40.506125,-80.223605
CCP South Hills,88 Fort Couch Road,Suite 100,Pittsburgh,PA,15241,40.339237,-80.051253
Northern Medical Associates UPMC,880 Butler Street,Route 8,Pittsburgh,PA,15223,40.5072,-79.94612
Pefha Health and Wellness Ctr PC,8989 Frankstown Road,,Pittsburgh,PA,15235,40.461047,-79.867008
Greater Pittsburgh Med Assoc UPMC,900 Mount Royal Boulevard,,Pittsburgh,PA,15223,40.515619,-79.95877
Pediatric Alliance PC Arcadia Division,9000 Perry Highway,Suite 120,Pittsburgh,PA,15237,40.570596,-80.036822
Family Prac Med Ctr,907 Washington Avenue,,Carnegie,PA,15106,40.400664,-80.082519
University Gastroenterology,9100 Babcock Boulevard,,Pittsburgh,PA,15237,40.573319,-80.014525
UPP Department of Surgery,9100 Babcok Boulevard,,Pittsburgh,PA,15237,40.556912,-80.019956
UPP Department of Surgery,9102 Babcock Boulevard,Suite 202,Pittsburgh,PA,15237,40.572182,-80.016407
Gordon Gold MD and Assoc UPMC,9104  Babcock Boulevard,Suite 3105,Pittsburgh,PA,15237,40.572315,-80.016451
GMA William Zillweger Med Prac,9104 Babcock Blvd,Suite 3111,Pittsburgh,PA,15237,40.572315,-80.016451
James W Boyle MD and Associates UPMC,9104 Babcock Boulevard,Suite 1106,Pittsburgh,PA,15237,40.572315,-80.016451
Campbell and Philbin Assoc,92 Bradford Avenue,,Pittsburgh,PA,15205,40.433562,-80.065537
"Castiglione, Angelo MD",924 Main Street,,Sharpsburg,PA,15215,40.494718,-79.932679
"Nellas, Constantine L MD",925 Brighton Road,,Pittsburgh,PA,15233,40.453037,-80.014772
Mercy Behavioral Health,925 Penn Avenue,,Pittsburgh,PA,15222,40.444224,-79.997339
Valley Family Medc UPMC,928 Route 910,,Cheswick,PA,15024,40.58099,-79.866275
Allegheny Center For Digestive Health,9335 Mc Knight Road,,Mc Knight,PA,15237,40.53537,-80.010444
North Hills Internal Medicine,9335 McKnight Road,1st Floor,Pittsburgh,PA,15237,40.556912,-80.019956
HVMG The Heart and Vascular Center Leetsdale,935 Thorn Run Road,,Coraopolis,PA,15108,40.518401,-80.166725
University Cardiology Service,9365 McKnight Road,Suite 700,Pittsburgh,PA,15237,40.57461,-80.025499
University Cardiology Service,9380 McKnight Road,Suite 201,Pittsburgh,PA,15237,40.575952,-80.024742
Office Based Anesthesia Solutions Inc,9400 McKnight Road,Suite 103,Pittsburgh,PA,15237,40.576901,-80.025514
"Klug, Gerald D MD",944 Beaver Grade Rd,,Coraopolis,PA,15108,40.509999,-80.213038
Negrini Medical Associates,9500 Brooktree Road,Suite 100,Wexford,PA,15090,40.614562,-80.058355
"Zioncheck, Roger MD PC",955 Rivermont Drive,,Pittsburgh,PA,15207,40.40771,-79.93043
University Cardiology Service,969 Greentree Road,,Pittsburgh,PA,15220,40.420345,-80.044964
West Hills Pediatrics LLC,974 Beaver Grade Road,,Moon Township,PA,15108,40.507339,-80.210202
"Hepler Smith, Michael MD",9800 A McKnight Rd,Ste 204,Pittsburgh,PA,15237,40.586508,-80.038441
"Clark, Brent E., MD",9816 Frankstown Road,Suite 101,Pittsburgh,PA,15235,40.462628,-79.856428
Medical Center Clinic,9930 Grubbs Road,Suite 200,Wexford,PA,15090,40.591637,-80.01693
McGinnis Thoracic and Cardiovascular Associates,995 Beaver Grade Road,Suite 2B,Coraopolis,PA,15108,40.506001,-80.207537
Greentree Medical Center PC,995 Greentree Road,,Pittsburgh,PA,15220,40.417406,-80.044791
Mercy Behavioral Health,9983 Perry Highway,,Wexford,PA,15090,40.591551,-80.046949
Clearfield Jefferson Primary Care Assoc PC,Fifth Ave,Suite 1122,Pittsburgh,PA,15222,40.447526,-79.993398
University Neonatology Associates,Forbes & Halket Streets,,Pittsburgh,PA,15213,40.437068,-79.95953
United Physicians,Four Allegheny Center,10th Floor,Pittsburgh,PA,15212,40.482805,-80.036726
"Black, Judith Sherman  MD",Longwood at Oakmont,500 Route 909,Verona,PA,15147,40.526673,-79.808362
HVMG Billing,Ohio River Blvd,Suite 2A,Leetsdale,PA,15056,40.563123,-80.208393
Upp Ped Child Dev Unit,One Hospital Drive,4401 Penn Avenue,Pittsburgh,PA,15224,40.467315,-79.95359
Allegheny Center For Digestive Health,One Walsh Road,,Pittsburgh,PA,15205,40.44177,-80.087015
"Jannelli, Dorothy F MD",Penn Avenue Place,,Pittsburgh,PA,15222,40.447526,-79.993398
HVMG The Heart and Vascular Center Leetsdale,Robinson Plaza Three,Suite 210 B,Pittsburgh,PA,15205,40.44177,-80.087015
First Steps Pediatrics and Adolescent Medicine,Route 60 and Park Manor Drive,Suite 100,Pittsburgh,PA,15205,40.44177,-80.087015
Univ Infectious Disease Svc,University Drive,Suite C,Pittsburgh,PA,15240,40.488899,-79.890069
Pittsburgh VA Medical Group,University Drive 111 C-U,,Pittsburgh,PA,15240,40.488899,-79.890069
Pittsburgh VA Medical Group,University Drive C,,Pittsburgh,PA,15240,40.445036,-79.958921
Pittsburgh VA Medical Group,University Drive C-124E-U,,Pittsburgh,PA,15213,40.437926,-79.955642
HVMG The Heart and Vascular Center Leetsdale,Wexford Bayne Rd,Suite 206,Sewickley,PA,15143,40.536485,-80.184424
Adler and Krause Card Med Assoc,Yost at Ardmore Boulevard,Suite 217,Pittsburgh,PA,15221,40.436883,-79.857683
